{"class_name": "Model", "config": {"name": "model_9", "layers": [{"name": "input_14", "class_name": "InputLayer", "config": {"batch_input_shape": [null, 17176], "dtype": "float32", "sparse": false, "name": "input_14"}, "inbound_nodes": []}, {"name": "encoder", "class_name": "Dense", "config": {"name": "encoder", "trainable": true, "units": 200, "activation": "linear", "use_bias": true, "kernel_initializer": {"class_name": "VarianceScaling", "config": {"scale": 1.0, "mode": "fan_avg", "distribution": "uniform", "seed": null}}, "bias_initializer": {"class_name": "Zeros", "config": {}}, "kernel_regularizer": null, "bias_regularizer": null, "activity_regularizer": null, "kernel_constraint": null, "bias_constraint": null}, "inbound_nodes": [[["input_14", 0, 0, {}]]]}, {"name": "dense_14", "class_name": "Dense", "config": {"name": "dense_14", "trainable": true, "units": 17176, "activation": "linear", "use_bias": true, "kernel_initializer": {"class_name": "VarianceScaling", "config": {"scale": 1.0, "mode": "fan_avg", "distribution": "uniform", "seed": null}}, "bias_initializer": {"class_name": "Zeros", "config": {}}, "kernel_regularizer": null, "bias_regularizer": null, "activity_regularizer": null, "kernel_constraint": null, "bias_constraint": null}, "inbound_nodes": [[["encoder", 0, 0, {}]]]}], "input_layers": [["input_14", 0, 0]], "output_layers": [["dense_14", 0, 0]]}, "keras_version": "2.2.4", "backend": "tensorflow"}